x,y
-346,293
-345,292
-344,292
-343,292
-342,291
-341,291
-340,291
-339,291
-338,290
-337,290
-336,289
-335,289
-334,289
-333,288
-332,288
-331,288
-330,287
-329,287
-328,286
-327,286
-326,285
-325,285
-324,285
-323,284
-322,284
-321,283
-320,283
-319,282
-318,282
-317,281
-316,281
-315,280
-314,280
-313,279
-312,279
-311,278
-310,278
-309,277
-308,277
-307,276
-306,275
-305,275
-304,274
-303,274
-302,273
-301,273
-300,272
-299,271
-298,271
-297,270
-296,270
-295,269
-294,268
-293,268
-292,267
-291,266
-290,266
-289,265
-288,265
-287,264
-286,263
-285,263
-284,262
-283,261
-282,261
-281,260
-280,259
-279,259
-278,258
-277,257
-276,257
-275,256
-274,255
-273,255
-272,254
-271,253
-270,253
-269,252
-268,251
-267,250
-266,250
-265,249
-264,248
-263,248
-262,247
-261,246
-260,245
-259,245
-258,244
-257,243
-256,242
-255,242
-254,241
-253,240
-252,239
-251,239
-250,238
-249,237
-248,236
-247,236
-246,235
-245,234
-244,233
-243,233
-242,232
-241,231
-240,230
-239,229
-238,229
-237,228
-236,227
-235,226
-234,226
-233,225
-232,224
-231,223
-230,222
-229,222
-228,221
-227,220
-226,219
-225,218
-224,217
-223,217
-222,216
-221,215
-220,214
-219,213
-218,213
-217,212
-216,211
-215,210
-214,209
-213,208
-212,208
-211,207
-210,206
-209,205
-208,204
-207,203
-206,203
-205,202
-204,201
-203,200
-202,199
-201,198
-200,197
-199,197
-198,196
-197,195
-196,194
-195,193
-194,192
-193,191
-192,191
-191,190
-190,189
-189,188
-188,187
-187,186
-186,185
-185,184
-184,183
-183,183
-182,182
-181,181
-180,180
-179,179
-178,178
-177,177
-176,176
-175,175
-174,175
-173,174
-172,173
-171,172
-170,171
-169,170
-168,169
-167,168
-166,167
-165,166
-164,166
-163,165
-162,164
-161,163
-160,162
-159,161
-158,160
-157,159
-156,158
-155,157
-154,156
-153,155
-152,154
-151,154
-150,153
-149,152
-148,151
-147,150
-146,149
-145,148
-144,147
-143,146
-142,145
-141,144
-140,143
-139,142
-138,141
-137,140
-136,139
-135,138
-134,138
-133,137
-132,136
-131,135
-130,134
-129,133
-128,132
-127,131
-126,130
-125,129
-124,128
-123,127
-122,126
-121,125
-120,124
-119,123
-118,122
-117,121
-116,120
-115,119
-114,118
-113,117
-112,116
-111,115
-110,114
-109,113
-108,112
-107,111
-106,110
-105,109
-104,108
-103,108
-102,107
-101,106
-100,105
-99,104
-98,103
-97,102
-96,101
-95,100
-94,99
-93,98
-92,97
-91,96
-90,95
-89,94
-88,93
-87,92
-86,91
-85,90
-84,89
-83,88
-82,87
-81,86
-80,84
-79,84
-78,83
-77,81
-76,80
-75,79
-74,78
-73,77
-72,76
-71,75
-70,74
-69,73
-68,72
-67,71
-66,70
-65,69
-64,68
-63,67
-62,66
-61,65
-60,64
-59,63
-58,62
-57,61
-56,60
-55,59
-54,58
-53,57
-52,56
-51,55
-50,54
-49,53
-48,52
-47,51
-46,49
-45,48
-44,47
-43,46
-42,45
-41,44
-40,43
-39,42
-38,41
-37,40
-36,39
-35,38
-34,37
-33,36
-32,35
-31,34
-30,33
-29,31
-28,30
-27,29
-26,28
-25,27
-24,26
-23,25
-22,24
-21,23
-20,22
-19,21
-18,20
-17,18
-16,17
-15,16
-14,15
-13,14
-12,13
-11,12
-10,11
-9,10
-8,9
-7,7
-6,6
-5,5
-4,4
-3,3
-2,2
-1,1
0,-1
1,-2
2,-3
3,-4
4,-5
5,-6
6,-8
7,-9
8,-10
9,-11
10,-12
11,-13
12,-15
13,-16
14,-17
15,-18
16,-19
17,-20
18,-22
19,-23
20,-24
21,-25
22,-26
23,-27
24,-29
25,-30
26,-31
27,-32
28,-33
29,-34
30,-35
31,-37
32,-38
33,-39
34,-40
35,-41
36,-42
37,-44
38,-45
39,-46
40,-47
41,-48
42,-49
43,-50
44,-52
45,-53
46,-54
47,-55
48,-56
49,-57
50,-59
51,-60
52,-61
53,-62
54,-63
55,-64
56,-65
57,-67
58,-68
59,-69
60,-70
61,-71
62,-72
63,-73
64,-75
65,-76
66,-77
67,-78
68,-79
69,-80
70,-81
71,-83
72,-84
73,-85
74,-86
75,-87
76,-88
77,-89
78,-90
79,-92
80,-93
81,-94
82,-95
83,-96
84,-97
85,-98
86,-100
87,-101
88,-102
89,-103
90,-104
91,-105
92,-106
93,-107
94,-109
95,-110
96,-111
97,-112
98,-113
99,-114
100,-115
101,-116
102,-117
103,-119
104,-120
105,-121
106,-122
107,-123
108,-124
109,-125
110,-126
111,-127
112,-129
113,-130
114,-131
115,-132
116,-133
117,-134
118,-135
119,-136
120,-137
121,-139
122,-140
123,-141
124,-142
125,-143
126,-144
127,-145
128,-146
129,-147
130,-148
131,-150
132,-151
133,-152
134,-153
135,-154
136,-155
137,-156
138,-157
139,-158
140,-159
141,-160
142,-162
143,-163
144,-164
145,-165
146,-166
147,-167
148,-168
149,-169
150,-170
151,-171
152,-172
153,-173
154,-175
155,-176
156,-177
157,-178
158,-179
159,-180
160,-181
161,-182
162,-183
163,-184
164,-185
165,-186
166,-187
167,-189
168,-190
169,-191
170,-192
171,-193
172,-194
173,-195
174,-196
175,-197
176,-198
177,-199
178,-200
179,-201
180,-202
181,-203
182,-204
183,-205
184,-207
185,-208
186,-209
187,-210
188,-211
189,-212
190,-213
191,-214
192,-215
193,-216
194,-217
195,-218
196,-219
197,-220
198,-221
199,-222
200,-223
201,-224
202,-225
203,-226
204,-228
205,-229
206,-230
207,-231
208,-232
209,-233
210,-234
211,-235
212,-236
213,-237
214,-238
215,-239
216,-240
217,-241
218,-242
219,-243
220,-244
221,-245
222,-246
223,-247
224,-248
225,-249
226,-250
227,-251
228,-252
229,-253
230,-254
231,-255
232,-256
233,-257
234,-258
235,-259
236,-260
237,-261
238,-262
239,-263
240,-264
241,-265
242,-266
243,-267
244,-268
245,-269
246,-270
247,-271
248,-272
249,-273
250,-274
251,-275
252,-276
253,-277
254,-278
255,-279
256,-280
257,-281
258,-282
259,-283
260,-284
261,-285
262,-286
263,-287
264,-288
265,-289
266,-290
267,-291
268,-292
269,-293
270,-294
271,-295
272,-296
273,-297
274,-298
275,-299
276,-300
277,-301
278,-302
279,-303
280,-304
281,-305
282,-306
283,-307
284,-308
285,-309
286,-310
287,-311
288,-312
289,-313
290,-314
291,-315
292,-316
293,-317
294,-318
295,-319
296,-320
297,-320
298,-321
299,-322
300,-323
301,-324
302,-325
303,-326
304,-327
305,-328
306,-329
307,-330
308,-331
309,-332
310,-333
311,-334
312,-335
313,-336
314,-337
315,-338
316,-339
317,-340
318,-340
319,-341
320,-342
321,-343
322,-344
323,-345
324,-346
325,-347
326,-348
327,-349
328,-350
329,-351
330,-352
331,-353
332,-354
333,-354
334,-355
335,-356
336,-357
337,-358
338,-359
339,-360
340,-361
341,-362
342,-363
343,-364
344,-365
345,-366
346,-366
347,-367
348,-368
349,-369
350,-370
351,-371
352,-372
353,-373
354,-374
355,-375
356,-375
357,-376
358,-377
359,-378
360,-379
361,-380
362,-381
363,-382
364,-383
365,-384
366,-384
367,-385
368,-386
369,-387
370,-388
371,-389
372,-390
373,-391
374,-392
375,-392
376,-393
377,-394
378,-395
379,-396
380,-397
381,-398
382,-399
383,-400
384,-400
385,-401
386,-402
387,-403
388,-404
389,-405
390,-406
391,-406
392,-407
393,-408
394,-409
395,-410
396,-411
397,-412
398,-413
399,-413
400,-414
401,-415
402,-416
403,-417
404,-418
405,-419
406,-419
407,-420
408,-421
409,-422
410,-423
411,-424
412,-424
413,-425
414,-426
415,-427
416,-428
417,-429
418,-430
419,-430
420,-431
421,-432
422,-433
423,-434
424,-435
425,-435
426,-436
427,-437
428,-438
429,-439
430,-440
431,-440
432,-441
433,-442
434,-443
435,-444
436,-445
437,-445
438,-446
439,-447
440,-448
441,-449
442,-449
443,-450
444,-451
445,-452
446,-453
447,-453
448,-454
449,-455
450,-456
451,-457
452,-457
453,-458
454,-459
455,-460
456,-461
457,-461
458,-462
459,-463
460,-464
461,-465
462,-465
463,-466
464,-467
465,-468
466,-469
467,-469
468,-470
469,-471
470,-472
471,-472
472,-473
473,-474
474,-475
475,-476
476,-476
477,-477
478,-478
479,-479
480,-479
481,-480
482,-481
483,-482
484,-482
485,-483
486,-484
487,-485
488,-486
489,-486
490,-487
491,-488
492,-489
493,-489
494,-490
495,-491
496,-492
497,-492
498,-493
499,-494
500,-495
501,-495
502,-496
503,-497
504,-498
505,-498
506,-499
507,-500
508,-500
509,-501
510,-502
511,-503
512,-503
513,-504
514,-505
515,-506
516,-506
517,-507
518,-508
519,-509
520,-509
521,-510
522,-511
523,-511
524,-512
525,-513
526,-514
527,-514
528,-515
529,-516
530,-516
531,-517
532,-518
533,-518
534,-519
535,-520
536,-521
537,-521
538,-522
539,-523
540,-523
541,-524
542,-525
543,-525
544,-526
545,-527
546,-527
547,-528
548,-529
549,-530
550,-530
551,-531
552,-532
553,-532
554,-533
555,-534
556,-534
557,-535
558,-536
559,-536
560,-537
561,-538
562,-538
563,-539
564,-540
565,-540
566,-541
567,-542
568,-542
569,-543
570,-544
571,-544
572,-545
573,-545
574,-546
575,-547
576,-547
577,-548
578,-549
579,-549
580,-550
581,-551
582,-551
583,-552
584,-553
585,-553
586,-554
587,-554
588,-555
589,-556
590,-556
591,-557
592,-558
593,-558
594,-559
595,-559
596,-560
597,-561
598,-561
599,-562
600,-562
601,-563
602,-564
603,-564
604,-565
605,-565
606,-566
607,-567
608,-567
609,-568
610,-568
611,-569
612,-570
613,-570
614,-571
615,-571
616,-572
617,-573
618,-573
619,-574
620,-574
621,-575
622,-575
623,-576
624,-577
625,-577
626,-578
627,-578
628,-579
629,-579
630,-580
631,-581
632,-581
633,-582
634,-582
635,-583
636,-583
637,-584
638,-584
639,-585
640,-586
641,-586
642,-587
643,-587
644,-588
645,-588
646,-589
647,-589
648,-590
649,-590
650,-591
651,-591
652,-592
653,-593
654,-593
655,-594
656,-594
657,-595
658,-595
659,-596
660,-596
661,-597
662,-597
663,-598
664,-598
665,-599
666,-599
667,-600
668,-600
669,-601
670,-601
671,-602
672,-602
673,-603
674,-603
675,-604
676,-604
677,-605
678,-605
679,-606
680,-606
681,-606
682,-607
683,-607
684,-608
685,-608
686,-609
687,-609
688,-610
689,-610
690,-611
691,-611
692,-612
693,-612
694,-612
695,-613
696,-613
697,-614
698,-614
699,-615
700,-615
701,-616
702,-616
703,-616
704,-617
705,-617
706,-618
707,-618
708,-619
709,-619
710,-619
711,-620
712,-620
713,-621
714,-621
715,-622
716,-622
717,-622
718,-623
719,-623
720,-624
721,-624
722,-624
723,-625
724,-625
725,-626
726,-626
727,-626
728,-627
729,-627
730,-627
731,-628
732,-628
733,-629
734,-629
735,-629
736,-630
737,-630
738,-630
739,-631
740,-631
741,-632
742,-632
743,-632
744,-633
745,-633
746,-633
747,-634
748,-634
749,-634
750,-635
751,-635
752,-635
753,-636
754,-636
755,-636
756,-637
757,-637
758,-637
759,-638
760,-638
761,-638
762,-639
763,-639
764,-639
765,-640
766,-640
767,-640
768,-640
769,-641
770,-641
771,-641
772,-642
773,-642
774,-642
775,-642
776,-643
777,-643
778,-643
779,-644
780,-644
781,-644
782,-644
783,-645
784,-645
785,-645
786,-645
787,-646
788,-646
789,-646
790,-646
791,-647
792,-647
793,-647
794,-647
795,-648
796,-648
797,-648
798,-648
799,-649
800,-649
801,-649
802,-649
803,-649
804,-650
805,-650
806,-650
807,-650
808,-650
809,-651
810,-651
811,-651
812,-651
813,-651
814,-652
815,-652
816,-652
817,-652
818,-652
819,-653
820,-653
821,-653
822,-653
823,-653
824,-653
825,-653
826,-654
827,-654
828,-654
829,-654
830,-654
831,-654
832,-655
833,-655
834,-655
835,-655
836,-655
837,-655
838,-655
839,-655
840,-656
841,-656
842,-656
843,-656
844,-656
845,-656
846,-656
847,-656
848,-656
849,-656
850,-657
851,-657
852,-657
853,-657
854,-657
855,-657
856,-657
857,-657
858,-657
859,-657
860,-657
861,-657
862,-657
863,-657
864,-657
865,-657
866,-658
867,-658
868,-658
869,-658
870,-658
871,-658
872,-658
873,-658
874,-658
875,-658
876,-658
877,-658
878,-658
879,-658
880,-658
881,-658
882,-658
883,-658
884,-658
885,-658
886,-658
887,-658
888,-658
889,-657
890,-657
891,-657
892,-657
893,-657
894,-657
895,-657
896,-657
897,-657
898,-657
899,-657
900,-657
901,-657
902,-657
903,-657
904,-656
905,-656
906,-656
907,-656
908,-656
909,-656
910,-656
911,-656
912,-656
913,-656
914,-655
915,-655
916,-655
917,-655
918,-655
919,-655
920,-655
921,-654
922,-654
923,-654
924,-654
925,-654
926,-654
927,-653
928,-653
929,-653
930,-653
931,-653
932,-652
933,-652
934,-652
935,-652
936,-652
937,-651
938,-651
939,-651
940,-651
941,-650
942,-650
943,-650
944,-650
945,-649
946,-649
947,-649
948,-649
949,-648
950,-648
951,-648
952,-648
953,-647
954,-647
955,-647
956,-646
957,-646
958,-646
959,-645
960,-645
961,-645
962,-644
963,-644
964,-644
965,-643
966,-643
967,-643
968,-642
969,-642
970,-642
971,-641
972,-641
973,-640
974,-640
975,-640
976,-639
977,-639
978,-638
979,-638
980,-638
981,-637
982,-637
983,-636
984,-636
985,-635
986,-635
987,-634
988,-634
989,-633
990,-633
991,-632
992,-632
993,-631
994,-631
995,-630
996,-630
997,-629
998,-629
999,-628
1000,-628
1001,-627
1002,-627
1003,-626
1004,-626
1005,-625
1006,-625
1007,-624
1008,-623
1009,-623
1010,-622
1011,-622
1012,-621
1013,-620
1014,-620
1015,-619
1016,-618
1017,-618
1018,-617
1019,-617
1020,-616
1021,-615
1022,-615
1023,-614
1024,-613
1025,-613
1026,-612
1027,-611
1028,-610
1029,-610
1030,-609
1031,-608
1032,-608
1033,-607
1034,-606
1035,-605
1036,-605
1037,-604
1038,-603
1039,-602
1040,-602
1041,-601
1042,-600
1043,-599
1044,-598
1045,-598
1046,-597
1047,-596
1048,-595
1049,-594
1050,-593
1051,-593
1052,-592
1053,-591
1054,-590
1055,-589
1056,-588
1057,-587
1058,-587
1059,-586
1060,-585
1061,-584
1062,-583
1063,-582
1064,-581
1065,-580
1066,-579
1067,-578
1068,-577
1069,-576
1070,-575
1071,-574
1072,-573
1073,-572
1074,-572
1075,-570
1076,-569
1077,-568
1078,-567
1079,-566
1080,-565
1081,-564
1082,-563
1083,-562
1084,-561
1085,-560
1086,-559
1087,-558
1088,-557
1089,-556
1090,-555
1091,-554
1092,-552
1093,-551
1094,-550
1095,-549
1096,-548
1097,-547
1098,-546
1099,-544
1100,-543
1101,-542
1102,-541
1103,-540
1104,-539
1105,-537
1106,-536
1107,-535
1108,-534
1109,-533
1110,-531
1111,-530
1112,-529
1113,-528
1114,-526
1115,-525
1116,-524
1117,-522
1118,-521
1119,-520
1120,-518
1121,-517
1122,-516
1123,-514
1124,-513
1125,-512
1126,-510
1127,-509
1128,-508
1129,-506
1130,-505
1131,-504
1132,-502
1133,-501
1134,-499
1135,-498
1136,-497
1137,-495
1138,-494
1139,-492
1140,-491
1141,-489
1142,-488
1143,-486
1144,-485
1145,-483
1146,-482
1147,-480
1148,-479
1149,-477
1150,-476
1151,-474
1152,-473
1153,-471
1154,-470
1155,-468
1156,-467
1157,-465
1158,-463
1159,-462
1160,-460
1161,-459
1162,-457
1163,-455
1164,-454
1165,-452
1166,-451
1167,-449
1168,-447
1169,-446
1170,-444
1171,-442
1172,-441
1173,-439
1174,-437
1175,-436
1176,-434
1177,-432
1178,-430
1179,-429
1180,-427
1181,-425
1182,-423
1183,-422
1184,-420
1185,-418
1186,-416
1187,-415
1188,-413
1189,-411
1190,-409
1191,-407
1192,-406
1193,-404
1194,-402
1195,-400
1196,-398
1197,-396
1198,-395
1199,-393
1200,-391
1201,-389
1202,-387
1203,-385
1204,-383
1205,-381
1206,-379
1207,-378
1208,-376
1209,-374
1210,-372
1211,-370
1212,-368
1213,-366
1214,-364
1215,-362
1216,-360
1217,-358
1218,-356
1219,-354
1220,-352
1221,-350
1222,-348
1223,-346
1224,-344
1225,-342
1226,-340
1227,-338
1228,-336
1229,-334
1230,-332
1231,-330
1232,-328
1233,-325
1234,-323
1235,-321
1236,-319
1237,-317
1238,-315
1239,-313
1240,-311
1241,-309
1242,-307
1243,-304
1244,-302
1245,-300
1246,-298
1247,-296
1248,-294
1249,-291
1250,-289
1251,-287
1252,-285
1253,-283
1254,-281
1255,-278
1256,-276
1257,-274
1258,-272
1259,-269
1260,-267
1261,-265
1262,-263
1263,-261
1264,-258
1265,-256
1266,-254
1267,-252
1268,-249
1269,-247
1270,-245
1271,-242
1272,-240
1273,-238
1274,-236
1275,-233
1276,-231
1277,-229
1278,-226
1279,-224
1280,-222
1281,-220
1282,-217
1283,-215
1284,-213
1285,-210
1286,-208
1287,-206
1288,-203
1289,-201
1290,-199
1291,-196
1292,-194
1293,-191
1294,-189
1295,-187
1296,-184
1297,-182
1298,-180
1299,-177
1300,-175
1301,-172
1302,-170
1303,-168
1304,-165
1305,-163
1306,-161
1307,-158
1308,-156
1309,-153
1310,-151
1311,-149
1312,-146
1313,-144
1314,-141
1315,-139
1316,-137
1317,-134
1318,-132
1319,-129
1320,-127
1321,-124
1322,-122
1323,-120
1324,-117
1325,-115
1326,-112
1327,-110
1328,-107
1329,-105
1330,-103
1331,-100
1332,-98
1333,-95
1334,-93
1335,-90
1336,-88
1337,-86
1338,-83
1339,-81
1340,-78
1341,-76
1342,-73
1343,-71
1344,-68
1345,-66
1346,-63
1347,-61
1348,-59
1349,-56
1350,-54
1351,-51
1352,-49
1353,-46
1354,-44
1355,-41
1356,-39
1357,-37
1358,-34
1359,-32
1360,-29
1361,-27
1362,-24
1363,-22
1364,-20
1365,-17
1366,-15
1367,-12
1368,-10
1369,-7
1370,-5
1371,-3
1372,0
1373,2
1374,5
1375,7
1376,10
1377,12
1378,14
1379,17
1380,19
1381,22
1382,24
1383,26
1384,29
1385,31
1386,34
1387,36
1388,38
1389,41
1390,43
1391,46
1392,48
1393,50
1394,53
1395,55
1396,58
1397,60
1398,62
1399,65
1400,67
1401,69
1402,72
1403,74
1404,76
1405,79
1406,81
1407,83
1408,86
1409,88
1410,90
1411,93
1412,95
1413,97
1414,100
1415,102
1416,104
1417,107
1418,109
1419,111
1420,114
1421,116
1422,118
1423,121
1424,123
1425,125
1426,127
1427,130
1428,132
1429,134
1430,136
1431,139
1432,141
1433,143
1434,145
1435,148
1436,150
1437,152
1438,154
1439,157
1440,159
1441,161
1442,163
1443,165
1444,168
1445,170
1446,172
1447,174
1448,176
1449,179
1450,181
1451,183
1452,185
1453,187
1454,189
1455,192
1456,194
1457,196
1458,198
1459,200
1460,202
1461,204
1462,207
1463,209
1464,211
1465,213
1466,215
1467,217
1468,219
1469,221
1470,223
1471,225
1472,227
1473,229
1474,231
1475,234
1476,236
1477,238
1478,240
1479,242
1480,244
1481,246
1482,248
1483,250
1484,252
1485,254
1486,256
1487,258
1488,260
1489,262
1490,264
1491,266
1492,268
1493,270
1494,272
1495,273
1496,275
1497,277
1498,279
1499,281
1500,283
1501,285
1502,287
1503,289
1504,291
1505,293
1506,294
1507,296
1508,298
1509,300
1510,302
1511,304
1512,306
1513,307
1514,309
1515,311
1516,313
1517,315
1518,317
1519,318
1520,320
1521,322
1522,324
1523,326
1524,327
1525,329
1526,331
1527,333
1528,334
1529,336
1530,338
1531,340
1532,341
1533,343
1534,345
1535,347
1536,348
1537,350
1538,352
1539,353
1540,355
1541,357
1542,358
1543,360
1544,362
1545,363
1546,365
1547,367
1548,368
1549,370
1550,372
1551,373
1552,375
1553,377
1554,378
1555,380
1556,381
1557,383
1558,385
1559,386
1560,388
1561,389
1562,391
1563,392
1564,394
1565,396
1566,397
1567,399
1568,400
1569,402
1570,403
1571,405
1572,406
1573,408
1574,409
1575,411
1576,412
1577,414
1578,415
1579,417
1580,418
1581,419
1582,421
1583,422
1584,424
1585,425
1586,427
1587,428
1588,430
1589,431
1590,432
1591,434
1592,435
1593,436
1594,438
1595,439
1596,441
1597,442
1598,443
1599,445
1600,446
1601,447
1602,449
1603,450
1604,451
1605,453
1606,454
1607,455
1608,457
1609,458
1610,459
1611,461
1612,462
1613,463
1614,464
1615,466
1616,467
1617,468
1618,470
1619,471
1620,472
1621,473
1622,475
1623,476
1624,477
1625,478
1626,479
1627,481
1628,482
1629,483
1630,484
1631,485
1632,487
1633,488
1634,489
1635,490
1636,491
1637,492
1638,494
1639,495
1640,496
1641,497
1642,498
1643,499
1644,500
1645,501
1646,503
1647,504
1648,505
1649,506
1650,507
1651,508
1652,509
1653,510
1654,511
1655,512
1656,513
1657,514
1658,516
1659,517
1660,518
1661,519
1662,520
1663,521
1664,522
1665,523
1666,524
1667,525
1668,526
1669,527
1670,528
1671,529
1672,530
1673,531
1674,532
1675,533
1676,534
1677,534
1678,535
1679,536
1680,537
1681,538
1682,539
1683,540
1684,541
1685,542
1686,543
1687,544
1688,545
1689,546
1690,547
1691,547
1692,548
1693,549
1694,550
1695,551
1696,552
1697,553
1698,554
1699,554
1700,555
1701,556
1702,557
1703,558
1704,559
1705,559
1706,560
1707,561
1708,562
1709,563
1710,563
1711,564
1712,565
1713,566
1714,567
1715,567
1716,568
1717,569
1718,570
1719,570
1720,571
1721,572
1722,573
1723,574
1724,574
1725,575
1726,576
1727,576
1728,577
1729,578
1730,579
1731,579
1732,580
1733,581
1734,581
1735,582
1736,583
1737,584
1738,584
1739,585
1740,586
1741,586
1742,587
1743,588
1744,588
1745,589
1746,590
1747,590
1748,591
1749,591
1750,592
1751,593
1752,593
1753,594
1754,595
1755,595
1756,596
1757,596
1758,597
1759,598
1760,598
1761,599
1762,599
1763,600
1764,601
1765,601
1766,602
1767,602
1768,603
1769,603
1770,604
1771,605
1772,605
1773,606
1774,606
1775,607
1776,607
1777,608
1778,608
1779,609
1780,609
1781,610
1782,610
1783,611
1784,611
1785,612
1786,612
1787,613
1788,613
1789,614
1790,614
1791,615
1792,615
1793,616
1794,616
1795,617
1796,617
1797,618
1798,618
1799,618
1800,619
1801,619
1802,620
1803,620
1804,621
1805,621
1806,621
1807,622
1808,622
1809,623
1810,623
1811,623
1812,624
1813,624
1814,625
1815,625
1816,625
1817,626
1818,626
1819,627
1820,627
1821,627
1822,628
1823,628
1824,628
1825,629
1826,629
1827,629
1828,630
1829,630
1830,630
1831,631
1832,631
1833,631
1834,632
1835,632
1836,632
1837,633
1838,633
1839,633
1840,634
1841,634
1842,634
1843,635
1844,635
1845,635
1846,635
1847,636
1848,636
1849,636
1850,637
1851,637
1852,637
1853,637
1854,638
1855,638
1856,638
1857,638
1858,639
1859,639
1860,639
1861,639
1862,640
1863,640
1864,640
1865,640
1866,640
1867,641
1868,641
1869,641
1870,641
1871,642
1872,642
1873,642
1874,642
1875,642
1876,642
1877,643
1878,643
1879,643
1880,643
1881,643
1882,644
1883,644
1884,644
1885,644
1886,644
1887,644
1888,645
1889,645
1890,645
1891,645
1892,645
1893,645
1894,645
1895,646
1896,646
1897,646
1898,646
1899,646
1900,646
1901,646
1902,646
1903,647
1904,647
1905,647
1906,647
1907,647
1908,647
1909,647
1910,647
1911,647
1912,647
1913,647
1914,647
1915,647
1916,648
1917,648
1918,648
1919,648
1920,648
1921,648
1922,648
1923,648
1924,648
1925,648
1926,648
1927,648
1928,648
1929,648
1930,648
1931,648
1932,648
1933,648
1934,648
1935,648
1936,648
1937,648
1938,648
1939,648
1940,648
1941,648
1942,648
1943,648
1944,648
1945,648
1946,648
1947,648
1948,647
1949,647
1950,647
1951,647
1952,647
1953,647
1954,647
1955,647
1956,647
1957,647
1958,647
1959,647
1960,647
1961,647
1962,647
1963,646
1964,646
1965,646
1966,646
1967,646
1968,646
1969,646
1970,646
1971,646
1972,646
1973,645
1974,645
1975,645
1976,645
1977,645
1978,645
1979,645
1980,645
1981,644
1982,644
1983,644
1984,644
1985,644
1986,644
1987,644
1988,644
1989,643
1990,643
1991,643
1992,643
1993,643
1994,643
1995,642
1996,642
1997,642
1998,642
1999,642
2000,642
2001,642
2002,641
2003,641
2004,641
2005,641
2006,641
2007,640
2008,640
2009,640
2010,640
2011,640
2012,640
2013,639
2014,639
2015,639
2016,639
2017,639
2018,638
2019,638
2020,638
2021,638
2022,638
2023,637
2024,637
2025,637
2026,637
2027,637
2028,636
2029,636
2030,636
2031,636
2032,636
2033,635
2034,635
2035,635
2036,635
2037,634
2038,634
2039,634
2040,634
2041,634
2042,633
2043,633
2044,633
2045,633
2046,632
2047,632
2048,632
2049,632
2050,631
2051,631
2052,631
2053,631
2054,630
2055,630
2056,630
2057,630
2058,629
2059,629
2060,629
2061,629
2062,628
2063,628
2064,628
2065,628
2066,627
2067,627
2068,627
2069,627
2070,626
2071,626
2072,626
2073,625
2074,625
2075,625
2076,625
2077,624
2078,624
2079,624
2080,624
2081,623
2082,623
2083,623
2084,622
2085,622
2086,622
2087,622
2088,621
2089,621
2090,621
2091,620
2092,620
2093,620
2094,620
2095,619
2096,619
2097,619
2098,618
2099,618
2100,618
2101,617
2102,617
2103,617
2104,617
2105,616
2106,616
2107,616
2108,615
2109,615
2110,615
2111,614
2112,614
2113,614
2114,613
2115,613
2116,613
2117,613
2118,612
2119,612
2120,612
2121,611
2122,611
2123,611
2124,610
2125,610
2126,610
2127,609
2128,609
2129,609
2130,608
2131,608
2132,608
2133,607
2134,607
2135,607
2136,606
2137,606
2138,606
2139,605
2140,605
2141,605
2142,604
2143,604
2144,604
2145,603
2146,603
2147,603
2148,602
2149,602
2150,602
2151,601
2152,601
2153,601
2154,600
2155,600
2156,600
2157,599
2158,599
2159,599
2160,598
2161,598
2162,597
2163,597
2164,597
2165,596
2166,596
2167,596
2168,595
2169,595
2170,595
2171,594
2172,594
2173,594
2174,593
2175,593
2176,592
2177,592
2178,592
2179,591
2180,591
2181,591
2182,590
2183,590
2184,590
2185,589
2186,589
2187,588
2188,588
2189,588
2190,587
2191,587
2192,587
2193,586
2194,586
2195,585
2196,585
2197,585
2198,584
2199,584
2200,584
2201,583
2202,583
2203,582
2204,582
2205,582
2206,581
2207,581
2208,581
2209,580
2210,580
2211,579
2212,579
2213,579
2214,578
2215,578
2216,577
2217,577
2218,577
2219,576
2220,576
2221,576
2222,575
2223,575
2224,574
2225,574
2226,574
2227,573
2228,573
2229,572
2230,572
2231,572
2232,571
2233,571
2234,570
2235,570
2236,570
2237,569
2238,569
2239,568
2240,568
2241,568
2242,567
2243,567
2244,566
2245,566
2246,566
2247,565
2248,565
2249,564
2250,564
2251,564
2252,563
2253,563
2254,562
2255,562
2256,562
2257,561
2258,561
2259,560
2260,560
2261,559
2262,559
2263,559
2264,558
2265,558
2266,557
2267,557
2268,557
2269,556
2270,556
2271,555
2272,555
2273,554
2274,554
2275,554
2276,553
2277,553
2278,552
2279,552
2280,552
2281,551
2282,551
2283,550
2284,550
2285,549
2286,549
2287,549
2288,548
2289,548
2290,547
2291,547
2292,546
2293,546
2294,546
2295,545
2296,545
2297,544
2298,544
2299,543
2300,543
2301,543
2302,542
2303,542
2304,541
2305,541
2306,540
2307,540
2308,540
2309,539
2310,539
2311,538
2312,538
2313,537
2314,537
2315,537
2316,536
2317,536
2318,535
2319,535
2320,534
2321,534
2322,534
2323,533
2324,533
2325,532
2326,532
2327,531
2328,531
2329,530
2330,530
2331,530
2332,529
2333,529
2334,528
2335,528
2336,527
2337,527
2338,526
2339,526
2340,526
2341,525
2342,525
2343,524
2344,524
2345,523
2346,523
2347,522
2348,522
2349,522
2350,521
2351,521
2352,520
2353,520
2354,519
2355,519
2356,518
2357,518
2358,517
2359,517
2360,517
2361,516
2362,516
2363,515
2364,515
2365,514
2366,514
2367,513
2368,513
2369,513
2370,512
2371,512
2372,511
2373,511
2374,510
2375,510
2376,509
2377,509
2378,508
2379,508
2380,507
2381,507
2382,507
2383,506
2384,506
2385,505
2386,505
2387,504
2388,504
2389,503
2390,503
2391,502
2392,502
2393,501
2394,501
2395,501
2396,500
2397,500
2398,499
2399,499
2400,498
2401,498
2402,497
2403,497
2404,496
2405,496
2406,495
2407,495
2408,495
2409,494
2410,494
2411,493
2412,493
2413,492
2414,492
2415,491
2416,491
2417,490
2418,490
2419,489
2420,489
2421,488
2422,488
2423,487
2424,487
2425,487
2426,486
2427,486
2428,485
2429,485
2430,484
2431,484
2432,483
2433,483
2434,482
2435,482
2436,481
2437,481
2438,480
2439,480
2440,479
2441,479
2442,478
2443,478
2444,478
2445,477
2446,477
2447,476
2448,476
2449,475
2450,475
2451,474
2452,474
2453,473
2454,473
2455,472
2456,472
2457,471
2458,471
2459,470
2460,470
2461,469
2462,469
2463,468
2464,468
2465,467
2466,467
2467,467
2468,466
2469,466
2470,465
2471,465
2472,464
2473,464
2474,463
2475,463
2476,462
2477,462
2478,461
2479,461
2480,460
2481,460
2482,459
2483,459
2484,458
2485,458
2486,457
2487,457
2488,456
2489,456
2490,455
2491,455
2492,454
2493,454
2494,453
2495,453
2496,452
2497,452
2498,451
2499,451
2500,450
2501,450
2502,450
2503,449
2504,449
2505,448
2506,448
2507,447
2508,447
2509,446
2510,446
2511,445
2512,445
2513,444
2514,444
2515,443
2516,443
2517,442
2518,442
2519,441
2520,441
2521,440
2522,440
2523,439
2524,439
2525,438
2526,438
2527,437
2528,437
2529,436
2530,436
2531,435
2532,435
2533,434
2534,434
2535,433
2536,433
2537,432
2538,432
2539,431
2540,431
2541,430
2542,430
2543,429
2544,429
2545,428
2546,428
2547,427
2548,427
2549,426
2550,426
2551,425
2552,425
2553,424
2554,424
2555,423
2556,423
2557,422
2558,422
2559,421
2560,421
2561,420
2562,420
2563,419
2564,419
2565,418
2566,418
2567,417
2568,417
2569,416
2570,416
2571,415
2572,415
2573,414
2574,414
2575,413
2576,413
2577,412
2578,412
2579,411
2580,411
2581,410
2582,410
2583,409
2584,409
2585,408
2586,408
2587,407
2588,407
2589,406
2590,406
2591,405
2592,405
2593,404
2594,404
2595,403
2596,403
2597,402
2598,402
2599,401
2600,401
2601,400
2602,400
2603,399
2604,399
2605,398
2606,398
2607,397
2608,397
2609,396
2610,396
2611,395
2612,395
2613,394
2614,394
2615,393
2616,393
2617,392
2618,392
2619,391
2620,391
2621,390
2622,390
2623,389
2624,389
2625,388
2626,388
2627,387
2628,386
2629,386
2630,385
2631,385
2632,384
2633,384
2634,383
2635,383
2636,382
2637,382
2638,381
2639,381
2640,380
2641,380
2642,379
2643,379
2644,378
2645,378
2646,377
2647,377
2648,376
2649,376
2650,375
2651,375
2652,374
2653,374
2654,373
2655,373
2656,372
2657,372
2658,371
2659,371
2660,370
2661,370
2662,369
2663,369
2664,368
2665,368
2666,367
2667,367
2668,366
2669,366
2670,365
2671,365
2672,364
2673,363
2674,363
2675,362
2676,362
2677,361
2678,361
2679,360
2680,360
2681,359
2682,359
2683,358
2684,358
2685,357
2686,357
2687,356
2688,356
2689,355
2690,355
2691,354
2692,354
2693,353
2694,353
2695,352
2696,352
2697,351
2698,351
2699,350
2700,350
2701,349
2702,349
2703,348
2704,348
2705,347
2706,347
2707,346
2708,345
2709,345
2710,344
2711,344
2712,343
2713,343
2714,342
2715,342
2716,341
2717,341
2718,340
2719,340
2720,339
2721,339
2722,338
2723,338
2724,337
2725,337
2726,336
2727,336
2728,335
2729,335
2730,334
2731,334
2732,333
2733,333
2734,332
2735,331
2736,331
2737,330
2738,330
2739,329
2740,329
2741,328
2742,328
2743,327
2744,327
2745,326
2746,326
2747,325
2748,325
2749,324
2750,324
2751,323
2752,323
2753,322
2754,322
2755,321
2756,321
2757,320
2758,320
2759,319
2760,319
2761,318
2762,317
2763,317
2764,316
2765,316
2766,315
2767,315
2768,314
2769,314
2770,313
2771,313
2772,312
2773,312
2774,311
2775,311
2776,310
2777,310
2778,309
2779,309
2780,308
2781,308
2782,307
2783,307
2784,306
2785,305
2786,305
2787,304
2788,304
2789,303
2790,303
2791,302
2792,302
2793,301
2794,301
2795,300
2796,300
2797,299
2798,299
2799,298
2800,298
2801,297
2802,297
2803,296
2804,296
2805,295
2806,295
2807,294
2808,294
2809,293
2810,293
2811,292
2812,291
2813,291
2814,290
2815,290
2816,289
2817,289
2818,288
2819,288
2820,287
2821,287
2822,286
2823,286
2824,285
2825,285
2826,284
2827,284
2828,283
2829,283
2830,282
2831,282
2832,281
2833,280
2834,280
2835,279
2836,279
2837,278
2838,278
2839,277
2840,277
2841,276
2842,276
2843,275
2844,275
2845,274
2846,274
2847,273
2848,273
2849,272
2850,272
2851,271
2852,271
2853,270
2854,270
2855,269
2856,269
2857,268
2858,267
2859,267
2860,266
2861,266
2862,265
2863,265
2864,264
2865,264
2866,263
2867,263
2868,262
2869,262
2870,261
2871,261
2872,260
2873,260
2874,259
2875,259
2876,258
2877,258
2878,257
2879,256
2880,256
2881,255
2882,255
2883,254
2884,254
2885,253
2886,253
2887,252
2888,252
2889,251
2890,251
2891,250
2892,250
2893,249
2894,249
2895,248
2896,248
2897,247
2898,247
2899,246
2900,246
2901,245
2902,245
2903,244
2904,244
2905,243
2906,242
2907,242
2908,241
2909,241
2910,240
2911,240
2912,239
2913,239
2914,238
2915,238
2916,237
2917,237
2918,236
2919,236
2920,235
2921,235
2922,234
2923,234
2924,233
2925,233
2926,232
2927,232
2928,231
2929,230
2930,230
2931,229
2932,229
2933,228
2934,228
2935,227
2936,227
2937,226
2938,226
2939,225
2940,225
2941,224
2942,224
2943,223
2944,223
2945,222
2946,222
2947,221
2948,221
2949,220
2950,220
2951,219
2952,219
2953,218
2954,218
2955,217
2956,216
2957,216
2958,215
2959,215
2960,214
2961,214
2962,213
2963,213
2964,212
2965,212
2966,211
2967,211
2968,210
2969,210
2970,209
2971,209
2972,208
2973,208
2974,207
2975,207
2976,206
2977,206
2978,205
2979,205
2980,204
2981,203
2982,203
2983,202
2984,202
2985,201
2986,201
2987,200
2988,200
2989,199
2990,199
2991,198
2992,198
2993,197
2994,197
2995,196
2996,196
2997,195
2998,195
2999,194
3000,194
3001,193
3002,193
3003,192
3004,192
3005,191
3006,191
3007,190
3008,190
3009,189
3010,188
3011,188
3012,187
3013,187
3014,186
3015,186
3016,185
3017,185
3018,184
3019,184
3020,183
3021,183
3022,182
3023,182
3024,181
3025,181
3026,180
3027,180
3028,179
3029,179
3030,178
3031,178
3032,177
3033,177
3034,176
3035,176
3036,175
3037,175
3038,174
3039,174
3040,173
3041,173
3042,172
3043,172
3044,171
3045,171
3046,170
3047,170
3048,169
3049,168
3050,168
3051,167
3052,167
3053,166
3054,166
3055,165
3056,165
3057,164
3058,164
3059,163
3060,163
3061,162
3062,162
3063,161
3064,161
3065,160
3066,160
3067,159
3068,159
3069,158
3070,158
3071,157
3072,157
3073,156
3074,156
3075,155
3076,155
3077,154
3078,154
3079,153
3080,153
3081,152
3082,152
3083,151
3084,151
3085,150
3086,150
3087,149
3088,149
3089,148
3090,148
3091,147
3092,147
3093,146
3094,146
3095,145
3096,145
3097,144
3098,143
3099,143
3100,143
3101,142
3102,141
3103,141
3104,140
3105,140
3106,139
3107,139
3108,138
3109,138
3110,137
3111,137
3112,136
3113,136
3114,135
3115,135
3116,134
3117,134
3118,133
3119,133
3120,132
3121,132
3122,131
3123,131
3124,130
3125,130
3126,129
3127,129
3128,128
3129,128
3130,127
3131,127
3132,126
3133,126
3134,125
3135,125
3136,124
3137,124
3138,123
3139,123
3140,122
3141,122
3142,121
3143,121
3144,120
3145,120
3146,119
3147,119
3148,118
3149,118
3150,117
3151,117
3152,116
3153,116
3154,115
3155,115
3156,114
3157,114
3158,113
3159,113
3160,112
3161,112
3162,111
3163,111
3164,110
3165,110
3166,109
3167,109
3168,108
3169,108
3170,107
3171,107
3172,106
3173,106
3174,105
3175,105
3176,104
3177,104
3178,103
3179,103
3180,102
3181,102
3182,101
3183,101
3184,100
3185,100
3186,100
3187,99
3188,99
3189,98
3190,98
3191,97
3192,97
3193,96
3194,96
3195,95
3196,95
3197,94
3198,94
3199,93
3200,93
3201,92
3202,92
3203,91
3204,91
3205,90
3206,90
3207,89
3208,89
3209,88
3210,88
3211,87
3212,87
3213,86
3214,86
3215,85
3216,85
3217,84
3218,84
3219,83
3220,83
3221,82
3222,82
3223,81
3224,81
3225,80
3226,80
3227,80
3228,79
3229,79
3230,78
3231,78
3232,77
3233,77
3234,76
3235,76
3236,75
3237,75
3238,74
3239,74
3240,73
3241,73
3242,72
3243,72
3244,71
3245,71
3246,70
3247,70
3248,69
3249,69
3250,68
3251,68
3252,67
3253,67
3254,66
3255,66
3256,66
3257,65
3258,65
3259,64
3260,64
3261,63
3262,63
3263,62
3264,62
3265,61
3266,61
3267,60
3268,60
3269,59
3270,59
3271,58
3272,58
3273,57
3274,57
3275,57
3276,56
3277,56
3278,55
3279,55
3280,54
3281,54
3282,53
3283,53
3284,52
3285,52
3286,51
3287,51
3288,50
3289,50
3290,49
3291,49
3292,49
3293,48
3294,48
3295,47
3296,47
3297,46
3298,46
3299,45
3300,45
3301,44
3302,44
3303,43
3304,43
3305,42
3306,42
3307,42
3308,41
3309,41
3310,40
3311,40
3312,39
3313,39
3314,38
3315,38
3316,37
3317,37
3318,36
3319,36
3320,36
3321,35
3322,35
3323,34
3324,34
3325,33
3326,33
3327,32
3328,32
3329,31
3330,31
3331,30
3332,30
3333,30
3334,29
3335,29
3336,28
3337,28
3338,27
3339,27
3340,26
3341,26
3342,25
3343,25
3344,25
3345,24
3346,24
3347,23
3348,23
3349,22
3350,22
3351,21
3352,21
3353,21
3354,20
3355,20
3356,19
3357,19
3358,18
3359,18
3360,17
3361,17
3362,16
3363,16
3364,16
3365,15
3366,15
3367,14
3368,14
3369,13
3370,13
3371,13
3372,12
3373,12
3374,11
3375,11
3376,10
3377,10
3378,9
3379,9
3380,9
3381,8
3382,8
3383,7
3384,7
3385,6
3386,6
3387,5
3388,5
3389,5
3390,4
3391,4
3392,3
3393,3
3394,2
3395,2
3396,2
3397,1
3398,1
3399,0
3400,0
